column,count,sum,mean,min,max,range,median,variance,std_deviation,q1,q2,q3,iqr
ID,5,15,3,1,5,4,3,2.5,1.58114,2,3,4,2
Давление,5,5060,1012,1009,1015,6,1012,5,2.23607,1011,1012,1013,2
Температура,5,116.7,23.34,21.3,25,3.7,23.5,1.953,1.3975,22.8,23.5,24.1,1.3
